id_mm,name_mm
5001000001,ใบสำคัญรับเงิน
5001000002,ใบสั่งจ่ายเงินรองจ่าย
5001000003,ซองขยายข้างสีน้ำตาล (ใหญ่)
5001000004,ซองขยายข้างสีน้ำตาล ซี4
5001000005,ซองสีน้ำตาล ซี4 
5001000006,ซองพับสองสีน้ำตาล ซี5
5001000007,ซองพับสามสีขาว ดี แอล (ใหม่)
5001000008,ซองพับสามสีน้ำตาล ดี แอล
5001000009,ใบรับใบสำคัญ
5001000010,สัญญาการยืมเงินทดรอง
5001000011,หลักฐานการจ่ายเงินค่าใช้จ่ายในการเดินทางไปปฏิบัติงาน
5001000012,แบบ กง. 10
5001000013,แบบ กง. 12
5001000014,แบบ กง. 12.1
5001000015,ใบเสร็จรับเงิน
5001000016,ใบสั่งจ่าย
5001000017,หนังสือรับรองการหักภาษี ณ ที่จ่าย
5001000018,บัตรประจำตัวพนักงาน
5001000019,บัตรประจำตัวพนักงานองค์การของรัฐ
5001000020,บัตรประวัติพนักงาน
5001000021,บัตรประจำตัวบุคคลในครอบครัว (สีเขียว)
5001000022,บัตรประจำตัวบุคคลในครอบครัว (สีชมพูเดิม) 
5001000023,บัตรประจำตัวบุคคลในครอบครัว (สีชมพูใหม่) 
5001000024,บัตรประจำตัวบุคคลในครอบครัว (สีเหลือง)
5001000025,สติ๊กเกอร์ใสโลโก้ กยท. ขนาด 3 นิ้ว
5001000026,สติ๊กเกอร์ใสโลโก้ กยท. ขนาด 7 นิ้ว ใช้ติดรถยนต์
5001000027,สติ๊กเกอร์ใสโลโก้ กยท. ขนาด 7 นิ้ว ใช้ติดกระจก สนง.
5001000028,ใบสำคัญรับเงิน
5001000029,ใบสั่งจ่ายเงินรองจ่าย
5001000030,ซองขยายข้างสีน้ำตาล (ใหญ่)
5001000031,ซองขยายข้างสีน้ำตาล ซี4
5001000032,ซองสีน้ำตาล ซี4
5001000033,ซองพับสองสีขาว ซี5
5001000034,ซองพับสองสีน้ำตาล ซี5
5001000035,ซองพับสามสีขาว ดี แอล (ใหม่)
5001000036,ซองพับสามสีขาว ดี แอล (เก่า) *จำหน่ายให้หมดก่อน*
5001000037,ซองพับสามสีน้ำตาล ดี แอล
5001000038,ใบรับใบสำคัญ
5001000039,สัญญาการยืมเงินทดรอง
5001000040,หลักฐานการจ่ายเงินค่าใช้จ่ายในการเดินทางไปปฏิบัติงาน
5001000041,แบบ กง. 10
5001000042,แบบ กง. 12
5001000043,แบบ กง. 12.1
5001000044,ใบเสร็จรับเงิน
5001000045,ใบสั่งจ่าย
5001000046,หนังสือรับรองการหักภาษี ณ ที่จ่าย
5001000047,บัตรประจำตัวพนักงาน
5001000048,บัตรประจำตัวพนักงานองค์การของรัฐ
5001000049,บัตรประวัติพนักงาน
5001000050,บัตรประจำตัวบุคคลในครอบครัว (สีเขียว)
5001000051,บัตรประจำตัวบุคคลในครอบครัว (สีชมพูเดิม) 
5001000052,บัตรประจำตัวบุคคลในครอบครัว (สีชมพูใหม่) 
5001000053,บัตรประจำตัวบุคคลในครอบครัว (สีเหลือง)
5001000054,สติ๊กเกอร์ใสโลโก้ กยท. ขนาด 3 นิ้ว
5001000055,สติ๊กเกอร์ใสโลโก้ กยท. ขนาด 7 นิ้ว ใช้ติดรถยนต์
5001000056,สติ๊กเกอร์ใสโลโก้ กยท. ขนาด 7 นิ้ว ใช้ติดกระจก สนง.
5001000057,ซองใส่เอกสารแจ้งผลการส/ค
5001000058,คำขอรับการส่งเสริมและสนับสนุนให้มีการปลูกแทน (กยท.1)
5001000059,บัตรรับคำขอรับการปลูกแทน
5001000060,หนังสือมอบอำนาจเพื่อรับการส่งเสริมฯ
5001000061,หนังสือนัดสำรวจตรวจสอบ หรือรังวัดสวนยาง
5001000062,แบบกยท. 2
5001000063,แบบกยท.3 
5001000064,รายงานการตรวจสวนฯ ที่ต้องปรับปรุงแก้ไข
5001000065,หนังสือประจำตัวผู้รับการปลูกแทน
5001000066,สติกเกอร์ต่อเนื่อง
5001000067,สัญญาการรับการส่งเสริมและสนับสนุนให้มีการปลูกแทนฯ 
5001000068,สัญญาแก้ไขเพิ่มเติมสัญญาการรับการสงเสริมฯ
5001000069,รายละเอียดนำส่ง ปท. (แบบหมายเลข ๕)
5001000070,แบบคำขอรับการโอนสงเคราะห์
5001000071,ใบรับมอบและส่งมอบวัสดุการปลูกแทน (วป.๑)
5001000072,ใบสั่งโอนวัสดุการปลูกแทน (วป.๒)
5001000073,ใบสั่งจ่ายการปลูกแทน (วป.๘)
5001000074,ใบสั่งขาย (วป.๑๐)
5001000075,หนังสือเตือนให้ปฏิบัติงาน
5001000076,ซองใส่เอกสารแจ้งผลการส/ค
5001000077,คำขอรับการส่งเสริมและสนับสนุนให้มีการปลูกแทน (กยท.1)
5001000078,บัตรรับคำขอรับการปลูกแทน
5001000079,หนังสือมอบอำนาจเพื่อรับการส่งเสริมฯ
5001000080,หนังสือนัดสำรวจตรวจสอบ หรือรังวัดสวนยาง
5001000081,แบบกยท. 2
5001000082,แบบกยท.3 
5001000083,รายงานการตรวจสวนฯ ที่ต้องปรับปรุงแก้ไข
5001000084,หนังสือประจำตัวผู้รับการปลูกแทน
5001000085,สติกเกอร์ต่อเนื่อง
5001000086,สัญญาการรับการส่งเสริมและสนับสนุนให้มีการปลูกแทนฯ 
5001000087,สัญญาแก้ไขเพิ่มเติมสัญญาการรับการสงเสริมฯ
5001000088,รายละเอียดนำส่ง ปท. (แบบหมายเลข ๕)
5001000089,แบบคำขอรับการโอนสงเคราะห์
5001000090,ใบรับมอบและส่งมอบวัสดุการปลูกแทน (วป.๑)
5001000091,ใบสั่งโอนวัสดุการปลูกแทน (วป.๒)
5001000092,ใบสั่งจ่ายการปลูกแทน (วป.๘)
5001000093,ใบสั่งขาย (วป.๑๐)
5001000094,หนังสือเตือนให้ปฏิบัติงาน
5001000095,ใบสำคัญรับเงิน
5001000096,ใบสั่งจ่ายเงินรองจ่าย
5001000097,ซองขยายข้างสีน้ำตาล (ใหญ่)
5001000098,ซองขยายข้างสีน้ำตาล ซี4
5001000099,ซองขยายข้างสีน้ำตาล ซี4
5001000100,ซองสีน้ำตาล ซี4 
5001000101,ซองสีน้ำตาล ซี5
5001000102,ซองพับสองสีน้ำตาล ซี5
5001000103,ซองพับสามสีขาว ดี แอล (ใหม่)
5001000104,ซองพับสามสีน้ำตาล ดี แอล
5001000105,ใบรับใบสำคัญ
5001000106,สัญญาการยืมเงินทดรอง
5001000107,หลักฐานการจ่ายเงินค่าใช้จ่ายในการเดินทางไปปฏิบัติงาน
5001000108,แบบ กง. 10
5001000109,แบบ กง. 12
5001000110,แบบ กง. 12.1
5001000111,ใบเสร็จรับเงิน
5001000112,ใบสั่งจ่าย
5001000113,หนังสือรับรองการหักภาษี ณ ที่จ่าย
5001000114,บัตรประจำตัวพนักงาน
5001000115,บัตรประจำตัวพนักงานองค์การของรัฐ
5001000116,บัตรประวัติพนักงาน
5001000117,บัตรประจำตัวบุคคลในครอบครัว (สีเขียว)
5001000118,บัตรประจำตัวบุคคลในครอบครัว (สีชมพูเดิม) 
5001000119,บัตรประจำตัวบุคคลในครอบครัว (สีชมพูใหม่) 
5001000120,บัตรประจำตัวบุคคลในครอบครัว (สีเหลือง)
5001000121,สติ๊กเกอร์ใสโลโก้ กยท. ขนาด 3 นิ้ว
5001000122,สติ๊กเกอร์ใสโลโก้ กยท. ขนาด 7 นิ้ว ใช้ติดรถยนต์
5001000123,สติ๊กเกอร์ใสโลโก้ กยท. ขนาด 7 นิ้ว ใช้ติดกระจก สนง.
5001000124,ซองใส่เอกสารแจ้งผลการส/ค
5001000125,คำขอรับการส่งเสริมและสนับสนุนให้มีการปลูกแทน (กยท.1)
5001000126,บัตรรับคำขอรับการปลูกแทน
5001000127,หนังสือมอบอำนาจเพื่อรับการส่งเสริมฯ
5001000128,หนังสือนัดสำรวจตรวจสอบ หรือรังวัดสวนยาง
5001000129,แบบกยท. 2
5001000130,แบบกยท.3 
5001000131,รายงานการตรวจสวนฯ ที่ต้องปรับปรุงแก้ไข
5001000132,หนังสือประจำตัวผู้รับการปลูกแทน
5001000133,สติกเกอร์ต่อเนื่อง
5001000134,สัญญาการรับการส่งเสริมและสนับสนุนให้มีการปลูกแทนฯ 
5001000135,สัญญาแก้ไขเพิ่มเติมสัญญาการรับการสงเสริมฯ
5001000136,รายละเอียดนำส่ง ปท. (แบบหมายเลข ๕)
5001000137,แบบคำขอรับการโอนสงเคราะห์
5001000138,ใบรับมอบและส่งมอบวัสดุการปลูกแทน (วป.๑)
5001000139,ใบสั่งโอนวัสดุการปลูกแทน (วป.๒)
5001000140,ใบสั่งจ่ายการปลูกแทน (วป.๘)
5001000141,ใบสั่งขาย (วป.๑๐)
5001000142,หนังสือเตือนให้ปฏิบัติงาน
5001000143,ซองใส่เอกสารแจ้งผลการส/ค
5001000144,คำขอรับการส่งเสริมและสนับสนุนให้มีการปลูกแทน (กยท.1)
5001000145,บัตรรับคำขอรับการปลูกแทน
5001000146,หนังสือมอบอำนาจเพื่อรับการส่งเสริมฯ
5001000147,หนังสือนัดสำรวจตรวจสอบ หรือรังวัดสวนยาง
5001000148,แบบกยท. 2
5001000149,แบบกยท.3 
5001000150,รายงานการตรวจสวนฯ ที่ต้องปรับปรุงแก้ไข
5001000151,หนังสือประจำตัวผู้รับการปลูกแทน
5001000152,สติกเกอร์ต่อเนื่อง
5001000153,สัญญาการรับการส่งเสริมและสนับสนุนให้มีการปลูกแทนฯ 
5001000154,สัญญาแก้ไขเพิ่มเติมสัญญาการรับการสงเสริมฯ
5001000155,รายละเอียดนำส่ง ปท. (แบบหมายเลข ๕)
5001000156,แบบคำขอรับการโอนสงเคราะห์
5001000157,ใบรับมอบและส่งมอบวัสดุการปลูกแทน (วป.๑)
5001000158,ใบสั่งโอนวัสดุการปลูกแทน (วป.๒)
5001000159,ใบสั่งจ่ายการปลูกแทน (วป.๘)
5001000160,ใบสั่งขาย (วป.๑๐)
5001000161,หนังสือเตือนให้ปฏิบัติงาน
