id_scope,scope_name
00,งบสำรอง ม.13
001000000000,ผลผลิต/กิจกรรม : ส่งเสริม
001001010000,แผนปฏิบัติการดำเนินงานด้า
0010010110101,กิจกรรม ดนง. ด้านธุรกิจ
001001030010301,กิจกรรมสนับสนุนด้านอื่นๆ
0010101,กิจกรรมดำเนินงานด้านธุรกิ
0010102,กิจกรรมบริหารปัจจัยการผลิ
0010102040105,กิจกรรมดำเนินการซื้อ-ขายฯ
0010103,กิจกรรมบริหารจัดการ
0010103040105,กิจกรรมบริหารจัดการ
0010201,กิจกรรมจัดหาปัจจัยการผลิต
0010202,กิจกรรมผลิตและจัดหากล้ายา
0010203,กิจกรรมบริหารจัดการตลาด
0010204,กิจกรรมรวบรวมน้ำยางสด
0010205,กิจกรรมบริหารจัดการไม้ยาง
0010206,กิจกรรมจำหน่ายยาง ไม้ยางแ
0010207,กิจกรรมจำหน่ายวัตถุดิบและ
0010208,กิจกรรมบริการวัสดุอุปกรณ์
0010209,กิจกรรมบริหารโครงการ
0010210,กิจกรรมสร้างรายได้อื่น ๆ
0010211,กิจกรรมถ่ายทอดเทคโนโลยี
0010212,กิจกรรมทดสอบและวิจัย
0010213,กิจกรรมบริการถ่ายรูปให้แก
0010214,กิจกรรมให้เช่าอาคาร/สถานท
0010301,กิจกรรมสนับสนุนด้านอื่นๆ
0020101,กิจกรรมแปลงผลิตกิ่งตายางพ
0020102,กิจกรรมบำรุงรักษาแปลงผลิต
0020201,กิจกรรมบำรุงรักษาแปลงปลูก
0020201040107,กิจกรรมแปลงปลูกยาง
0020202,กิจกรรมบำรุงรักษาแปลงปลูก
0020202040107,กิจกรรมแปลงปลูกปาล์ม
0020301,กิจกรรมบริหารจัดการผลิตพั
010113,สร้างความเข้มSmart Farmer
010119,สส.การทำสวนยางแปลงใหญ่
010124,ค่าพิมพ์แบบต่าง ๆ
010211,รักษาเสถียรภาพราคารยาง
030104,พัฒนา คกก.กยท.
030202,จ้างที่ปรึกษาเพื่อ
030204,เช่าเครื่องคอมพิวเตอร์
030416,งานอำนวยการ
030423,จ้างที่ปรึกษาพัฒนา
040102,บริหารจัดการสวนยาง
040103,ผลิตไม้แปรรูปชนิดต่างๆ
040105,Business Development
040106,แปรรูปผลผลิตยาง
040107,ผลิตพันธุ์ยางและไม้ยืนต้น
040108,การสร้างรายได้จากการบริกา
040301,ติดตามงานด้านการคลัง
067217010001,ปรับปรุงห้องน้ำห้องประชุม
067217010002,ค่าออกแบบปรับปรุง ห้องน้ำ
067227140002,ปรับปรุงจุดรับน้ำยาง หมู่
067228740001,จ้างออกแบบและเขียนแบบการ
067610000001,โครงการปลูกสร้างสวนยาง
067610000002,ปลูกสร้างสวนยางพันธุ์ดี
067714490001,โครงการพัฒนาระบบบริหารงาน
10,งบสำรอง49(1)
1010101,กิจกรรมประชาสัมพันธ์เพื่อ
1010102,กิจกรรมวันยางพารา
1010103,กิจกรรมความรับผิดชอบต่อสั
1010104,กิจกรรมวันสถาปนา กยท.
1010201,กิจกรรมสารสนเทศ
1010203,กิจกรรมการจัดการสารสนเทศ
1010301,กิจกรรมตรวจสอบภายใน
1010401,กิจกรรมอำนวยการ
1010402,กิจกรรมกิจการต่างประเทศ
10105,แผนปฏิบัติการบริหารทั่วไป
1010501,กิจกรรมบริหารทั่วไป
1010502,กิจกรรมห้องสมุด
1010503,กิจกรรมติดตามผลการปฏิบัติ
1010504,กิจกรรมด้านกฎหมาย
1010505,กิจกรรมดำเนินการสอบ
1010506,กิจกรรมการประเมินผลการดำเ
1010507,กิจกรรมการบริหารจัดการระบ
1010508,กิจกรรมบริหารจัดการยางพาร
1010509,กิจกรรมพัฒนาระบบบัญชีและก
1010510,กิจกรรมจัดการสวนยางอย่างย
1010511,กิจกรรมติดตาม/ประชุม/สัมม
1010512,กิจกรรมสืบสานความพอเพียงเ
1010513,กิจกรรมพิเศษปลูกป่าทดแทน
1010514,กิจกรรมชดเชยรายได้ให้กับผ
1010601,กิจกรรมยุทธศาสตร์องค์กร
1010701,กิจกรรมพัฒนาพนักงาน
1010702,กิจกรรมทรัพยากรมนุษย์
1010703,กิจกรรมดำเนินการสอบ
1010801,กิจกรรมด้านการคลัง
1010901,กิจกรรมด้านกฎหมาย
1011001,กิจกรรมบริหารทรัพย์สิน
1011010101,บริหารจัดการคาร์บอนเครดิต
1011010102,บริหารจัดการและป้องกันกำจ
1011010103,ส่งเสริมการจัดการสวนยางอย
1011010104,ขับเคลื่อนเพื่อเพิ่มศักยภ
1011010105,ปรับปรุงประสิทธิภาพการผลิ
101101010501,กิจกรรม บำรุงรักษาระบบบำบ
101101010502,กิจกรรม จัดหาแหล่งน้ำภายน
101101010503,กิจกรรม ปรับปรุงมาตรฐานกา
1011010106,ส่งเสริมความร่วมมือเพื่อพ
1011010107,กองทุนผลิตปุ๋ยอินทรีย์เพ
1011010108,บริหารจัดการโรงอบ/รมยาง โ
1011010109,การทำสวนยางต้นแบบยั่งยืน
1011010110,ขับเคลื่อนปรัชญาเศรษฐกิจ
1011010111,อนุรักษ์พันธุกรรมพืชอันเน
1011010112,พัฒนาศักยภาพเกษตรกรชาวสว
1011010113,สร้างความเข้มแข็งให้กับเก
1011010114,การบริหารจัดการด้านโรคยาง
1011010116,การจัดตั้งธนาคารเมล็ดพืชค
1011010117,พัฒนาศักยภาพจุดรวบรวมยางพ
1011010118,ส่งเสริมและสนับสนุนเกษตรก
1011010119,ส่งเสริมการทำสวนยางในรูปแ
1011010120,ส่งเสริมศูนย์การเรียนรู้
1011101,กิจกรรมกำกับดูแลการปฏิบัต
1020101,กิจกรรมแปลงสาธิตทำสวนปาล์
1020102,กิจกรรมทดสอบและสาธิตปลูกป
1020103,กิจกรรมทดสอบและสาธิตปลูกไ
1020104,กิจกรรมสวนยางสาธิตเพื่อกา
1020105,กิจกรรมบำรุงรักษาแปลงปลูก
1020106,กิจกรรมทดสอบสาธิตเปรียบเท
1020107,กิจกรรมปลูกไม้ป่าท้องถิ่น
1020108,กิจกรรมทดสอบและสาธิตผลผลิ
1020109,กิจกรรมแปลงทดสอบสาธิตการป
1020110,กิจกรรมปลูกสร้างสวนยางพาร
1020111,กิจกรรมปลูกยางพันธุ์ดีเพื
1020112,กิจกรรมปลูกปาล์มน้ำมันเพื
1020113,กิจกรรมแปลงรวบรวมสายพันธุ
1020114,กิจกรรมแปลงทดสอบและสาธิตเ
1020115,กิจกรรมสร้างแปลงปาล์มน้ำม
1020116,กิจกรรมทดสอบสาธิตการปลูกป
1020117,กิจกรรมแปลงปลูกสับปะรดแซม
1020201,กิจกรรมเรียนรู้และสาธิตด้
1020301,กิจกรรมบำรุงรักษาแปลงเก็บ
1020401,กิจกรรมการจัดการศูนย์เรีย
1020402,กิจกรรมทดสอบและสาธิต
1020501,กิจกรรมบำรุงรักษาแปลงเก็บ
1020502,กิจกรรมบำรุงรักษาแปลงกรีด
1020601,กิจกรรมปลูกปาล์มน้ำมันและ
1020701,กิจกรรมแปลงผลิตต้นตอตายาง
1020702,กิจกรรมแปลงผลิตกิ่งตายางพ
1020703,กิจกรรมแปลงผลิตยางลงถุงเพ
1020704,กิจกรรมแปลงผลิตต้นติดตาใน
1020705,กิจกรรมบำรุงรักษาแปลงผลิต
1020801,กิจกรรมแปลงผลิตพันธุ์ปาล์
1020901,กิจกรรมบริหารแปลงผลิตพันธ
1021001,กิจกรรมขนส่งพันธุ์ยาง
1021101,กิจกรรมขนส่งพันธุ์ไม้ยืนต
1021201,กิจกรรมขนส่งวัสดุสงเคราะห
1021301,กิจกรรมจัดหาปัจจัยการผลิต
1021302,กิจกรรมจัดหากล้ายางชำถุง
1021303,กิจกรรมบริหารจัดการตลาด
1021304,กิจกรรมรวบรวมน้ำยางสด
1021305,กิจกรรมบริหารจัดการไม้ยาง
1021306,กิจกรรมจำหน่ายผลิตภัณฑ์ยา
1021401,กิจกรรมบำรุงรักษาแปลงปลูก
1021402,กิจกรรมบำรุงรักษาแปลงปลูก
1021403,กิจกรรมบำรุงรักษาแปลงปลูก
1021501,กิจกรรมติดตามผลการปฏิบัติ
1021502,กิจกรรมบริหารจัดการผลิตพั
1030101,กิจกรรมดำเนินงานด้านธุรกิ
1030102,กิจกรรมดำเนินการซื้อ-ขายผ
1030103,กิจกรรมบริหารจัดการ
1030104,กิจกรรมล้อยางประชารัฐ
1030105,กิจกรรมเพิ่มมูลค่ายางพารา
1030106,กิจกรรมบริการด้านธุรกิจ
1030201,กิจกรรมจัดหาปัจจัยการผลิต
1030202,กิจกรรมผลิตและจัดหากล้ายา
1030203,กิจกรรมบริหารจัดการตลาด
1030204,กิจกรรมรวบรวมน้ำยางสด
1030205,กิจกรรมบริหารจัดการไม้ยาง
1030206,กิจกรรมจำหน่ายยาง ไม้ยางแ
1030207,กิจกรรมจำหน่ายวัตถุดิบและ
1030208,กิจกรรมบริการวัสดุอุปกรณ์
1030209,กิจกรรมบริหารโครงการ
1030210,กิจกรรมสร้างรายได้อื่น ๆ
1030211,กิจกรรมถ่ายทอดเทคโนโลยี
1030212,กิจกรรมทดสอบและวิจัย
1030213,กิจกรรมบริการถ่ายรูปให้แก
1040101,กิจกรรมสร้างมูลภัณฑ์กันชน
1050101,กิจกรรมพัฒนาตลาดและแปรรูป
1060101,กิจกรรมจัดหาวัตถุดิบ
1060102,กิจกรรมบริหารจัดการ
1070101,กิจกรรมจัดหาวัตถุดิบ
1070102,กิจกรรมบริหารจัดการ
11,บริหารทั่วไป
1101101,ที่ดิน
12,คชจ.ตามสิทธิ
1201011,งสร.จำเป็นเร่งด่วน
1201021,งสร.ราคาเปลี่ยนแปลง
1201701,อาคารสำนักงาน
1201702,รั้ว เสาธง ป้าย ประตู
1201703,รผย.แผ่นผึ่งแห้ง/รมควัน
1201704,โรงเรือนทำยางแผ่นคุณภาพดี
1201705,โรงรถ
1201706,โรงเก็บพัสดุ โกดัง
1201707,อาคารโรงงาน
1201708,โรงอาหาร โรงครัว
1201709,บ่อน้ำ สระน้ำ อ่างเก็บน้ำ
1201710,อาคารบ้านพัก
1201711,อาคารเอนกประสงค์
1201712,สนามกีฬา
1201713,ถนน ทางเท้า
1201714,ปรังปรุงสิ่งก่อสร้าง-รง.
1201715,ระบบประปา บาดาล
1201716,ระบบไฟฟ้า
1201717,ระบายควัน - ระบายฝุ่น
1201720,โครงสร้าง
1201721,หลังคา
1201874,บ่อน้ำยาง
1201999,ครุภัณฑ์อื่นๆ
1202702,รั้ว เสาธง ป้าย ประตู
1202703,โรงรมยางรผตแผ่นแห้ง
1202704,รอนทำยางแผ่นคุณภาพ
1202705,โรงรถ
1202706,โรงเก็บพัสดุ โกดัง
1202707,อาคารโรงงาน
1202708,โรงอาหาร โรงครัว
1202709,บ่อน้ำ สระน้ำ อ่างเก็บน้ำ
1202710,อาคารบ้านพัก
1202711,อาคารเอนกประสงค์
1202712,สนามกีฬา
1202713,ถนน ทางเท้า
1202714,ปรับปรุงอค.สิ่งก่อสร้างรง
1202715,ระบบประปาบาดาลสขบ
1202716,ระบบไฟฟ้า
1202717,ระบบระบายควัน - ระบายฝุ่น
1202720,โครงสร้าง
1202721,หลังคา
1202874,บ่อเก็บน้ำยางสด
1202999,ครุภัณฑ์อื่นๆ
1203703,รผต.แผ่นผึ่งแห้ง/รมควัน
1203706,โรงเก็บพัสดุ โกดัง
1203709,บ่อน้ำ สระน้ำ อ่างเก็บน้ำ
1203716,ระบบไฟฟ้า
1203720,โครงสร้าง
1203721,หลังคา
1203810,แผ่นเสียบ
1203999,ครุภัณฑ์อื่นๆ
1204703,รผย.แผ่นผึ่งแห้ง/รมควัน
1204706,โรงเก็บพัสดุ โกดัง
1204709,บ่อน้ำ สระน้ำ อ่างเก็บน้ำ
1204716,ระบบไฟฟ้า
1204720,โครงสร้าง
1204721,หลังคา
1204999,ครุภัณฑ์อื่นๆ
1205704,รร.ทำยางแผ่นคุณภาพชั้นดี
1205706,โรงเก็บพัสดุ โกดัง
1205709,บ่อน้ำ สระน้ำ อ่างเก็บน้ำ
1205716,ระบบไฟฟ้า
1205720,โครงสร้าง
1205721,หลังคา
1205999,ครุภัณฑ์อื่นๆ
1206704,โรงเรือนทำยางแผ่นคุณภาพดี
1206706,โรงเก็บพัสดุ โกดัง
1206709,บ่อน้ำ สระน้ำ อ่างเก็บน้ำ
1206716,ระบบไฟฟ้า
1206720,โครงสร้าง
1206721,หลังคา
1206999,ครุภัณฑ์อื่นๆ
1301210,ตู้เหล็ก / ตู้ไม้
1301211,เครื่องพิมพ์ดีด
1301221,เครื่องคำนวณ
1301242,เก้าอี้
1301336,โต๊ะทำงาน
1301359,มอเตอร์ (เครื่องสูบน้ำ)
1301362,เครื่องชั่ง
1301375,"เครื่องสูบน้ำ,ดูด,ปั๊ม"
1301376,แท็งค์เก็บน้ำ ถังเหล็ก
1301501,เครื่องกำเนิดไฟฟ้า
1301810,แผ่นเสียบ
1301812,เครื่องจักรรดยาง
1301813,ตะกง
1301814,ไม้รองแผ่นยางดิบ (Pallet)
1301815,เครื่องนวดทำยางแผ่น
1301816,เครื่องอัดเบล
1301817,ตู้อบยางแผ่น
1301818,เครื่องเติมอากาศ
1301820,เครื่องผสมปุ๋ย
1301822,เครื่องบดสารเคมี
1301835,ราวตากยาง
1301836,แม่พิมพ์ยาง
1301837,อ่างล้างยาง
1302121,อุปกรณ์รถยนต์(แม่แรง)
1302210,ตู้เหล็ก / ตู้ไม้
1302211,เครื่องพิมพ์ดีด
1302214,เครื่องกดบัตรคิว
1302221,เครื่องคำนวณ
1302231,เครื่องถ่ายเอกสาร
1302235,เครื่องอัดสำเนาโรเนียว
1302236,"เครื่องพิมพ์สำเนา,โรเนียว"
1302237,เครื่อง/แท่นตัดกระดาษ
1302240,ครุภัณฑ์คอมพิวเตอร์
1302241,ปากกาหนีบโต๊ะ
1302242,เก้าอี้
1302300,อุปกรณ์กีฬา
1302301,เครื่องใช้ประจำบ้านพัก
1302303,อ่างแสตนเลส หม้อแสตนเลส
1302304,"เครื่องเย็บกระดาษใหญ่,ยตป"
1302306,"ตู้เหล็กเก็บ,จ,ท,ดูดโลหะ"
1302307,เครื่องทำน้ำเย็น น้ำร้อน
1302308,ตู้เย็น ตู้แช่
1302311,ตู้บัตรมาตรฐานห้องสมุด
1302312,ตู้เหล็กนิรภัย
1302313,ตู้สต็อคการ์ดล้อเลื่อน
1302317,ตู้บัตรบัญชี 4 ลิ้นชัก 2
1302319,ตู้อื่นๆ(ตู้โชว์ ตู้ยา)
1302321,พรมปูพื้น
1302322,ชั้นวางของ (กล่องใส่ของ)
1302323,แท่นอ่านหนังสือ
1302324,ฉากกั้นห้อง
1302325,แท่นปฐกถา โต๊ะวิทยากร
1302326,โต๊ะเอนกประสงค์/โต๊ะอาหาร
1302331,โต๊ะเขียนแบบ
1302332,โคมไฟฟ้า
1302336,โต๊ะทำงาน
1302339,ชุดรับแขก
1302340,โต๊ะประชุม
1302341,เคาน์เตอร์
1302343,เครื่องใช้พิธีสงฆ์
1302344,โต๊ะ (หิน สนาม)
1302347,"โต๊ะวางคอม,พิมพ์ดีด"
1302348,ตู้โทรศัพท์สาขาอัตโนมัติ
1302350,"เครื่องโทรสาร,โทรศัพท์"
1302356,ม้านั่งหิน ซุ้มนั่งพัก
1302357,ตะแกรงเหล็ก
1302359,มอเตอร์ (เครื่องสูบน้ำ)
1302361,ไดร์เป่าลม เครื่องเป่าลม
1302362,เครื่องชั่ง
1302363,เครื่องปั๊ม
1302364,ลิฟต์
1302365,เครื่องดูดฝุ่น
1302366,เครื่องปรับอากาศ
1302367,"พัดลม (พื้น,โต๊ะ,เพดาน)"
1302368,นาฬิกา
1302369,รถเข็น
1302370,เต็นท์ ปะรำ ผ้าใบ
1302371,เตียงนอน
1302372,บันไดอลูมิเนียม
1302373,เครื่องกรองอากาศ
1302374,เครื่องกรองน้ำ
1302375,"เครื่องสูบน้ำ,ดูดน้ำ,ปั๊ม"
1302376,แท็งค์เก็บน้ำ ถังเหล็ก
1302377,เครื่องกักเก็บ/กรองฝุ่น
1302378,เครื่องตัดหญ้า
1302379,เครื่องย่อย
1302380,เบ็ดเตล็ด(ป้ายชื่อ)
1302381,ไฟวิ่งคอมพิวเตอร์
1302382,เครื่องพูดภายใน
1302383,ม่าน มู่ลี่ มุ้งลวด เหล็ก
1302384,ปืนลูกซอง
1302385,มาตรวัด (น้ำประปา ปริมาณ)
1302386,อุปกรณ์ทางการแพทย์
1302387,เครื่องเจาะและเข้าเล่ม
1302388,พระบรมรูป พระบรมฉายาลักษณ
1302389,เครื่องมัดลวด
1302390,เครื่องประดิษฐ์อักษร
1302391,เครื่องถ่ายแม่พิมพ์เพลท
1302393,เครื่องดับเพลิง/เตือนภัย
1302394,เตา (แก๊ส ไมโครเวฟ)
1302396,เครื่องขัดพื้นไฟฟ้า
1302397,เครื่องทำลายเอกสาร
1302398,ครุภัณฑ์งานบ้านและงานครัว
1302399,ตู้ยาม/ป้อมยามสำเร็จรูป
1302400,อุปกรณ์เขียนแบบ
1302401,เครื่องมือวัดเนื้อที่
1302403,กล้องสำรวจ
1302404,กล้องทรานซิท
1302407,เครื่องวัดรังสี กรด-ด่าง
1302410,ไม้สเตเดีย
1302411,ขาตั้ง (กล้องรังวัด)
1302413,เครื่องวัดปริมาณน้ำฝน
1302417,กล้องขยายแผนที่ (MIRROR S
1302418,คอมพิวเตอร์ (Micro Notebo
1302419,เครื่องพิมพ์คอมพิวเตอร์
1302421,เครื่องวัดเปอร์เซ็นตยาง
1302422,เครื่องสแกนเนอร์
1302441,โต๊ะเขียนแบบ
1302443,คอมพิวเตอร์ Server
1302444,เทปวัดระยะ
1302445,เครื่องเขียนกราฟฟิค
1302446,ชุดคำนวณและเขียนแผนที่
1302447,อุปกรณ์คอมพิวเตอร์อื่น ๆ
1302449,ซอฟท์แวร์คอมพิวเตอร์
1302450,เครื่องฉายภาพจากไมโครคอม
1302452,เครื่องวัดพิกัดค่าแผนที่
1302453,Tablet / iPad
1302501,เครื่องกำเนิดไฟฟ้า
1302502,เครื่องเล่น VDO/CD/VCD)
1302503,เครื่องบันทึกเสียง
1302504,เครื่องพูดเมกกะโฟน
1302505,เครื่องขยายเสียง
1302506,อุปกรณ์เครื่องเสียง
1302507,เครื่องช่วยสอน (Teaching
1302508,เครื่องรับ-ส่งวิทยุ
1302509,เครื่องรับวิทยุ (AM/FM)
1302510,มิเตอร์ไฟฟ้า
1302511,เครื่องรับโทรทัศน์
1302513,ตู้เบรคเกอร์
1302514,ไฟแวบ
1302515,เครื่องไฟฉุกเฉิน/แจ้งภัย
1302519,อุปกรณ์การสื่อสารดาวเทียม
1302520,เครื่องรับ-ส่งสญ.ไร้สาย
1302560,เครื่องวัดความถี่
1302561,หินเจียรไฟฟ้า
1302562,เครื่องป้องกัน(ไฟฟ้าช็อต)
1302567,เครื่องเพิ่มสัญญานVDOเทป
1302568,เครื่องมือกำเนิดสญ.ความถี
1302569,เครื่องมือวัดกล.ส่งคลื่น
1302570,เครื่องออสซิลโลสโคป
1302571,เครื่องแต่ง/ผสม สญ.เสียง
1302572,ขาตั้ง (กล้องVDO ไมโคโฟน)
1302574,เครื่องผสมภาพวีดิโอ
1302576,ชุดเครื่องเสียง
1302579,เครื่องตรวจสอบสัญญาณ VDO
1302580,เครื่องกรองแสง
1302591,ระบบอินเตอร์เน็ต
1302597,ระบบแสงสว่าง
1302598,เครื่องสำรองไฟฟ้า
1302599,วัสดุไฟฟ้า(สว่านไฟฟ้า)
1302621,เครื่องฉายภาพ(โปรเจคเตอร)
1302623,กล้องถ่าย (รูป/VDO/วจป.)
1302625,เครื่องอัดและขยายภาพ
1302626,เครื่องตรวจและตัดต่อฟิล์ม
1302628,จอภาพยนตร์/สไลด์/จอรับภาพ
1302630,เลนซ์ ฟิลเตอร์
1302631,ไฟแฟล๊ช
1302633,ถาดใส่สไลด์
1302638,กระจกสะท้อนภาพ
1302639,อุปกรณ์รถโสตร
1302640,เครื่องอัดสไลด์
1302641,สปอร์ตไลท์ โคมไฟส่องเวที
1302703,รผย.แผ่นผึ่งแห้ง/รมควัน
1302704,โรงเรือนทำยางแผ่นคุณภาพดี
1302705,โรงรถ
1302706,โรงเก็บพัสดุ โกดัง
1302707,อาคารโรงงาน
1302708,โรงอาหาร โรงครัว
1302709,บ่อน้ำ สระน้ำ อ่างเก็บน้ำ
1302712,สนามกีฬา
1302801,เครื่องใสไม้ไฟฟ้า
1302802,เลื่อย (ยนต์ ไฟฟ้า)
1302803,เครื่องยนต์พ่นยา
1302804,เครื่องพ่นยา
1302807,โต๊ะจับไม้กรามเสือ
1302808,โซโลรับน้ำยาง รางน้ำยาง
1302810,แผ่นเสียบ
1302811,จักรเย็บกระสอบ
1302812,เครื่องจักรรดยาง
1302813,ตะกง
1302814,ไม้รองแผ่นยางดิบ (Pallet)
1302815,เครื่องนวดทำยางแผ่น
1302816,เครื่องอัดเบล
1302817,ตู้อบยางแผ่น
1302818,เครื่องเติมอากาศ
1302820,เครื่องผสมปุ๋ย
1302822,เครื่องบดสารเคมี
1302823,เครื่องผสมเคมีกับน้ำยาง
1302824,เครื่องพ่นสี
1302825,อุปกรณ์ต่อพ่วง(รถไทนา)
1302826,เครื่องบดผสมยางกับสารเคมี
1302827,อุปกรณ์เตรียมยางผสมสารเคม
1302828,เครื่องบดผสมยางแบบปิด
1302829,เครื่องบดผสมยางบ.ลูกกลิ้ง
1302830,"เครื่องอัด,ตัด,กวน,ย่อย"
1302831,เครื่องขึ้นรูปผลิตยางแผ่น
1302832,เครื่องทดสอบหาความสุกยาง
1302833,เครื่องทดสอบแรงดึงยางเอนก
1302834,เครื่องวัดความแข็งของยาง
1302835,ราวตากยาง
1302836,แม่พิมพ์ยาง
1302837,อ่างล้างยาง
1302838,เครื่องฉีดน้ำ
1302839,แท่นเหล็กวางยางสำหรับกรีด
1302840,แท็งค์/ถังบรรจุน้ำยาง
1302841,รอกโซ่
1302842,ฮอร์โมนแบบกระป๋อง/ถังอัด
1302843,เครื่องตีฟองน้ำ
1302844,เครื่องอัดเม็ดทำปุ๋ยอินทร
1302845,เครื่องวัดอุณหภูมิ
1302846,เครื่องตีไข่
1302847,อะไหล่
1302848,ถังอัดยาง
1302849,ตู้เชื่อม
1302850,เตา (เตาเผา เตาต้ม เตาอบ)
1302851,ตู้อบผลิตภัณฑ์ยาง
1302852,เครื่องเตรียมยาง
1302853,เครื่องทดสอบ
1302854,เครื่องดูดควัน / ดูดไอ
1302855,ชุดผลิตภัณฑ์ยางฟองน้ำ
1302856,ฝักบัว อ่างล้างหน้า
1302859,ต๊าปเกลียว
1302860,แผงกั้น จราจร
1302861,เครื่องทำน้ำกลั่น
1302862,ตู้อบไม้ยาง
1302863,"ดูดความชื้น,ไล่ความร้อน"
1302864,เครื่องปั่น
1302865,เครื่องซัก
1302866,ตุ้มน้ำหนัก/ลูกตุ้มทับยาง
1302867,เครื่องวิเคราะห์สารเคมี
1302868,เครื่องวัดค่าแสง
1302870,เครื่องผ่ายาง
1302871,เครื่องตรวจจับแก๊สรั่ว
1302872,เครื่องจักร/เครื่องยนต์
1302873,กรรไกร
1302874,บ่อเก็บน้ำยางสด
1302875,เครื่องขุด เครื่องเจาะ
1302876,เครื่องกรองน้ำยางสแตนเลส
1302877,เครื่องเอ็กซเรย์
1302878,อุปกรณ์บรรจุภัณฑ์ยางพารา
1302879,ถังขยะ
1302880,เครื่องมือ
1302881,เครื่องนับธนบัตร
1302882,อุปกรณ์โรงงาน/การเกษตร
1302883,เครื่องวัดความชื้นไม้
1302884,"เครื่องตัดยาง,เหล็ก,ไม้"
1302885,อุปกรณ์วิทยาศาสตร์
1302886,เครื่องมือวัดขนาด
1302887,เครื่องวัดอากาศ
1302999,ครุภัณฑ์อื่นๆ
1303109,รถแทรกเตอร์
1303242,เก้าอี้
1303336,โต๊ะทำงาน
1303375,"เครื่องสูบน้ำ,ดูดน้ำ,ปั๊ม"
1303376,แท็งค์เก็บน้ำ ถังเหล็ก
1303377,เครื่องกักเก็บ/กรองฝุ่น
1303378,เครื่องตัดหญ้า
1303701,อาคารสำนักงาน
1303702,รั้ว เสาธง ป้าย ประตู
1303709,บ่อน้ำ สระน้ำ อ่างเก็บน้ำ
1303715,ระบบประปา บาดาล สุขาภิบาล
1303803,เครื่องยนต์พ่นยา
1303804,เครื่องพ่นยา
1303820,เครื่องผสมปุ๋ย
1303822,เครื่องบดสารเคมี
1303823,เครื่องผสมเคมีกับน้ำยาง
1303824,เครื่องพ่นสี
1303825,อุปกรณ์ต่อพ่วง (รถไถนา)
1303826,เครื่องบดผสมยางกับสารเคมี
1303827,อุปกรณเตรียมยางผสมสารเคมี
1303828,เครื่องบดผสมยางแบบปิด
1303838,เครื่องฉีดน้ำ
1303840,แท็งค์/ถังบรรจุน้ำยาง
1303844,เครื่องอัดเม็ดทำปุ๋ยอินทร
1303879,ถังขยะ
1303880,เครื่องมือ
1303884,"เครื่องตัดยาง,เหล็ก,ไม้"
1303999,ครุภัณฑ์อื่นๆ
1401121,อุปกรณ์รถยนต์ (แม่แรง เคร
1401129,รถลากไฮโดรลิก
1401210,ตู้เหล็ก / ตู้ไม้
1401211,เครื่องพิมพ์ดีด
1401214,เครื่องกดบัตรคิว
1401221,เครื่องคำนวณ
1401231,เครื่องถ่ายเอกสาร
1401235,เครื่องอัดสำเนาโรเนียว
1401236,"เครื่องพิมพ์สำเนา,โรเนียว"
1401237,เครื่องตัดกระดาษขนาดใหญ่
1401240,ครุภัณฑ์คอมพิวเตอร์
1401241,ปากกาหนีบโต๊ะ
1401242,เก้าอี้
1401300,อุปกรณ์กีฬา
1401301,เครื่องใช้ประจำบ้านพัก
1401303,อ่างแสตนเลส หม้อแสตนเลส
1401304,เครื่องเย็บกระดาษขนาดใหญ่
1401306,"ตู้เหล็กเก็บ,จาน,เทป,.."
1401307,เครื่องทำน้ำเย็น-น้ำร้อน
1401308,ตู้เย็น ตู้แช่
1401311,ตู้บัตรมาตรฐานห้องสมุด
1401312,ตู้เหล็กนิรภัย
1401313,ตู้สต็อคการ์ดล้อเลื่อน
1401317,ตู้บัตรบัญชี 4 ลิ้นชัก 2
1401319,ตู้อื่นๆ
1401321,พรมปูพื้น
1401322,ชั้นวางของ (กล่องใส่ของ)
1401323,แท่นอ่านหนังสือ
1401324,ฉากกั้นห้อง
1401325,แท่นปฐกถา โต๊ะวิทยากร
1401326,โต๊ะเอนกประสงค์
1401331,โต๊ะเขียนแบบ
1401332,โคมไฟฟ้า
1401336,โต๊ะทำงาน
1401339,ชุดรับแขก
1401340,โต๊ะประชุม
1401341,เคาน์เตอร์
1401343,เครื่องใช้พิธีสงฆ์พระพุทธ
1401344,โต๊ะ (หิน สนาม)
1401347,"โต๊ะวางคอม,พิมพ์ดีด"
1401348,ตู้โทรศัพท์สาขาอัตโนมัติ
1401350,เครื่องโทรสาร โทรศัพท์
1401356,ม้านั่งหิน ซุ้มนั่งพัก
1401357,ตะแกรงเหล็ก
1401359,มอเตอร์ (เครื่องสูบน้ำ)
1401361,ไดร์เป่าลม เครื่องเป่าลม
1401362,เครื่องชั่ง
1401363,เครื่องปั๊ม
1401364,ลิฟต์
1401365,เครื่องดูดฝุ่น
1401366,เครื่องปรับอากาศ
1401367,พัดลม-ตั้งพื้น ตั้งโต๊ะ
1401368,นาฬิกา
1401369,รถเข็น
1401370,เต็นท์ ปะรำ ผ้าใบ
1401371,เตียงนอน
1401372,บันไดอลูมิเนียม
1401373,เครื่องกรองอากาศ
1401374,เครื่องกรองน้ำ
1401375,"เครื่องสูบ,ดูดน้ำ,ปั๊มน้ำ"
1401376,แท็งค์เก็บน้ำ ถังเหล็ก
1401377,"เครื่องกักเก็บ,กรองฝุ่น"
1401378,เครื่องตัดหญ้า
1401379,เครื่องย่อย
1401380,เบ็ดเตล็ด ป้ายชื่อ ไวท์บอ
1401381,ไฟวิ่งคอมพิวเตอร์
1401382,เครื่องพูดภายใน
1401383,ม่าน มู่ลี่ มุ้งลวด เหล็ก
1401384,ปืนลูกซอง
1401385,มาตรวัด(น้ำประปา ปรม.น้ำ)
1401386,อุปกรณ์ทางการแพทย์
1401387,เครื่องเจาะและเข้าเล่ม
1401388,พระบรมรูป พระบรมฉายาลักษณ
1401389,เครื่องมัดลวด
1401390,เครื่องประดิษฐ์อักษร
1401391,เครื่องถ่ายแม่พิมพ์เพลท
1401393,เครื่องดับเพลิง/สญ.เตือน
1401394,เตา (แก๊ส ไมโครเวฟ)
1401396,เครื่องขัดพื้นไฟฟ้า
1401397,เครื่องทำลายเอกสาร
1401398,ครุภัณฑ์งานบ้านและงานครัว
1401399,ตู้ยาม/ป้อมยามสำเร็จรูป
1401400,อุปกรณ์เขียนแบบ
1401401,เครื่องมือวัดเนื้อที่
1401403,กล้องสำรวจ
1401404,กล้องทรานซิท
1401407,เครื่องวัดรังสี วัดค่ากรด
1401410,ไม้สเตเดีย
1401411,ขาตั้ง (กล้องรังวัด)
1401413,เครื่องวัดปริมาณน้ำฝน
1401417,กล้องขยายแผนที่
1401418,คอมพิวเตอร์ (Micro Notebo
1401419,เครื่องพิมพ์คอมพิวเตอร์
1401421,เครื่องวัดเปอร์เซ็นยาง
1401422,เครื่องสแกนเนอร์
1401441,โต๊ะเขียนแบบ
1401443,คอมพิวเตอร์ Server
1401444,เทปวัดระยะ
1401445,เครื่องเขียนกราฟฟิค
1401446,ชุดคำนวณและเขียนแผนที่
1401447,อุปกรณ์คอมพิวเตอร์อื่น ๆ
1401449,ซอฟท์แวร์คอมพิวเตอร์
1401450,เครื่องฉายภาพจากไมโครคอม
1401452,เครื่องวัดพิกัดค่าแผนที่
1401453,Tablet / iPad
1401501,เครื่องกำเนิดไฟฟ้า
1401502,เครื่องเล่น (VDO/CD/VCD)
1401503,เครื่องบันทึกเสียง
1401504,เครื่องพูดเมกกะโฟน
1401505,"เครื่องขยายเสียง,เพาเวอร์"
1401506,อุปกรณ์เครื่องเสียง ลำโพง
1401507,เครื่องช่วยสอน
1401508,เครื่องรับ-ส่งวิทยุ
1401509,เครื่องรับวิทยุ (AM/FM)
1401510,มิเตอร์ไฟฟ้า
1401511,เครื่องรับโทรทัศน์
1401513,ตู้เบรคเกอร์
1401514,ไฟแวบ
1401515,เครื่องไฟฉุกเฉินแจ้งเตือน
1401519,อุปกรณ์การสื่อสารดาวเทียม
1401520,เครื่องรับ-ส่งสญ.ไร้สาย
1401560,เครื่องวัดความถี่
1401561,หินเจียรไฟฟ้า
1401562,เครื่องป้องกัน(ไฟฟ้าช็อต)
1401567,เครื่องเพิ่มสัญญานวีดีโอ
1401568,เครื่องมือกำเนิดสญ.ความถี
1401569,เครื่องมือวัดกล.ส่งคลื่น
1401570,เครื่องออสซิลโลสโคป
1401571,เครื่องแต่งสัญญานเสียง
1401572,ขาตั้ง(กล้องVDO ไม ลำโพง)
1401574,เครื่องผสมภาพวีดิโอ
1401576,ชุดเครื่องเสียง
1401579,เครื่องตรวจสอบสัญญาณ VDO
1401580,เครื่องกรองแสง
1401591,ระบบอินเตอร์เน็ต
1401597,ระบบแสงสว่าง
1401598,เครื่องสำรองไฟฟ้า
1401599,วัสดุไฟฟ้าสว่านไฟ แปลงไฟ
1401621,เครื่องฉายภาพ โปรเจคเตอร์
1401623,กล้องถ่าย (รูป/VDO/หนัง)
1401625,เครื่องอัดและขยายภาพ
1401626,เครื่องตรวจและตัดต่อฟิล์ม
1401628,จอภาพยนตร์ จอสไลด์
1401630,เลนซ์ ฟิลเตอร์
1401631,ไฟแฟล๊ช
1401633,ถาดใส่สไลด์
1401638,กระจกสะท้อนภาพ
1401639,อุปกรณ์รถโสตร
1401640,เครื่องอัดสไลด์
1401641,สปอร์ตไลท์ โคมไฟส่องเวที
1401801,เครื่องใสไม้ไฟฟ้า
1401802,เลื่อย (ยนต์ ไฟฟ้า)
1401803,เครื่องยนต์พ่นยา
1401804,เครื่องพ่นยา
1401807,โต๊ะจับไม้กรามเสือ
1401808,โซโลรับน้ำยาง รางน้ำยาง
1401810,แผ่นเสียบ
1401811,จักรเย็บกระสอบ
1401812,เครื่องจักรรดยาง
1401813,ตะกง
1401814,ไม้รองแผ่นยางดิบ (Pallet)
1401815,เครื่องนวดทำยางแผ่น
1401816,เครื่องอัดเบล
1401817,ตู้อบยางแผ่น
1401818,เครื่องเติมอากาศ
1401820,เครื่องผสมปุ๋ย
1401822,เครื่องบดสารเคมี
1401823,เครื่องผสมเคมีกับน้ำยาง
1401824,เครื่องพ่นสี
1401825,อุปกรณ์ต่อพ่วง(รถไถนา)
1401826,เครื่องบดผสมยางกับสารเคมี
1401827,อุปกรณ์เตรียมยางผสมเคมี
1401828,เครื่องบดผสมยางแบบปิด
1401829,เครื่องบดผสมยางลูกกลิ้ง
1401830,"เครื่องอัด,ตัด,กวน,ย่อย"
1401831,เครื่องขึ้นรูปผลิตยางแผ่น
1401832,เครื่องทดสอบความสุกของยาง
1401833,เครื่องทดสอบแรงดึงยาง
1401834,เครื่องวัดความแข็งของยาง
1401835,ราวตากยาง
1401836,แม่พิมพ์ยาง
1401837,อ่างล้างยาง
1401838,เครื่องฉีดน้ำ
1401839,แท่นเหล็กวางยางสำหรับฝึก
1401840,แท็งค์น้ำยาง ถังบรรจุยาง
1401841,รอกโซ่
1401842,ฮอร์โมนแบบกระป๋อง
1401843,เครื่องตีฟองน้ำ
1401844,เครื่องอัดเม็ดทำปุ๋ย
1401845,เครื่องวัดอุณหภูมิ
1401846,เครื่องตีไข่
1401847,อะไหล่
1401848,ถังอัดยาง
1401849,ตู้เชื่อม
1401850,เตา (เตาเผา เตาต้ม เตาอบ)
1401851,ตู้อบผลิตภัณฑ์ยาง
1401852,เครื่องเตรียมยาง
1401853,เครื่องทดสอบ
1401854,เครื่องดูดควัน / ดูดไอ
1401855,ชุดผลิตภัณฑ์ยางฟองน้ำ
1401856,ฝักบัว อ่างล้างหน้า
1401859,ต๊าปเกลียว
1401860,แผงกั้น จราจร
1401861,เครื่องทำน้ำกลั่น
1401862,ตู้อบไม้ยาง
1401863,"ดูดความชื้น,ไล่ความร้อน"
1401864,เครื่องปั่น
1401865,เครื่องซัก
1401866,ตุ้มน้ำหนัก/ลูกตุ้มทับยาง
1401867,เครื่องวิเคราะห์สารเคมี
1401868,เครื่องวัดค่าแสง
1401870,เครื่องผ่ายาง
1401871,เครื่องตรวจจับแก๊สรั่ว
1401872,เครื่องจักร/เครื่องยนต์
1401873,กรรไกร
1401874,บ่อเก็บน้ำยางสด
1401875,เครื่องขุด เครื่องเจาะ
1401876,เครื่องกรองน้ำยางสแตนเลส
1401877,เครื่องเอ็กซเรย์
1401878,อุปกรณ์บรรจุภัณฑ์ยางพารา
1401879,ถังขยะ
1401880,เครื่องมือ
1401881,เครื่องนับธนบัตร
1401882,อุปกรณ์โรงงาน/การเกษตร
1401883,เครื่องวัดความชื้นไม้
1401884,"เครื่องตัดยาง,เหล็ก,ไม้"
1401885,อุปกรณ์วิทยาศาสตร์
1401886,เครื่องมือวัดขนาด
1401887,เครื่องวัดอากาศ
1401999,ครุภัณฑ์อื่นๆ
1501102,รถโสตทัศนศึกษา
1501103,รถอีแต๋น
1501105,รถจักรยานยนต์
1501106,รถจักรยาน
1501107,"รถยนต์นั่ง(รถเก๋ง,รถตู้)"
1501108,รถยนต์บรรทุกรถกระบะรถ6ล้อ
1501109,รถแทรกเตอร์
1501110,รถยก รถยกชนิดลากจูง
1501111,รถแทรลเลอร์
1501121,"อุปกรณ์รถยนต์,มร,ปล,ผลคบท"
1501129,รถลากไฮโดรลิก
1501130,เรือ
1501834,เครื่องวัดความแข็งของยาง
1601601,สวนยาง
1602602,สวนปาล์ม
167412420002,เก้าอี้สำนักงาน
167412420003,เก้าอี้สำนักงาน
167412420004,เก้าอี้สำนักงาน
167412420005,เก้าอี้สำนักงาน
167412420006,เก้าอี้สำนักงาน
167412420007,เก้าอี้สำนักงาน
167412420008,เก้าอี้สำนักงาน
167412420009,เก้าอี้สำนักงาน
167412420010,เก้าอี้สำนักงาน
167412420011,เก้าอี้สำนักงาน
167412420012,เก้าอี้สำนักงาน
167414190001,เครื่องพิมพ์ Inkjet สี่สี
1701449,ซอฟท์แวร์คอมพิวเตอร์
1801449,ซอฟท์แวร์คอมพิวเตอร์
1901901,สินทรัพย์ก่อสร้างติดตั้ง
1902902,สวนยางระหว่างลงทุน
1903903,สวนปาล์มระหว่างลงทุน
2010101,กิจกรรมสำรวจสวน
2010102,กิจกรรมตรวจสวน
2010103,กิจกรรมแจ้งผลการอนุมัติ
2010104,กิจกรรมควบคุมและติดตามผลก
2010105,กิจกรรมบริหารการปลูกแทน
2010106,กิจกรรมจ้างอาสาสมัครตรวจส
2010201,กิจกรรมจ่ายเงินปลูกแทน
2010201010124,จ่ายปลูกแทน สกย.
2010202,กิจกรรมจ่ายเงินปลูกแทน กย
2010202010124,จ่ายปลูกแทน กยท.
2010203,กิจกรรมจ่ายวัสดุปลูกแทน
2010204,กิจกรรมจ่ายวัสดุปลูกแทน ก
2010205,กิจกรรมบริหารการปลูกแทน
2010301,กิจกรรมสนับสนุนด้านอื่นๆ
2010302,กิจกรรมพัฒนาและบำรุงรักษา
2010303,กิจกรรมเช่าอุปกรณ์เพื่อสน
2020101,กิจกรรมการสนับสนุนทุนช่วย
30,งบสำรอง 49(3)
3010101,กิจกรรมประชาสัมพันธ์เพื่อ
3010102,กิจกรรมวันยางพารา
3010201,กิจกรรมพัฒนาตลาดและธุรกิจ
3010202,กิจกรรมงานบริการตลาดกลางย
3010203,กิจกรรมสนับสนุนการตรวจสอบ
3010301,กิจกรรมสนับสนุนด้านอุตสาห
3010401,ก.สนับสนุนด้านอื่นๆ
3010402,กิจกรรมบริหารโรงงานต้นแบบ
3010403,ก.โครงการพัฒนาศักยภาพ
3010404,ก.โครงการสร้างมูลภัณฑ์
3010405,ก.พัฒนาความร่วมมือ
3010406,ก.โครงการ 1 หมู่บ้าน
3010407,ก.พัฒนาและบำรุง
3010408,ก.ปรับปรุงคุณภาพผลผลิต
3010409,ก.โครงการชะลอ
3010410,กิจกรรมสนับสนุนเกษตรกรชาว
3010411,กิจกรรมบริหารจัดการคาร์บอ
3010412,ก.ปลูกพืชร่วมยาง
3010413,กิจกรรมบริหารจัดการและป้อ
3010414,กิจกรรมส่งเสริมการจัดการส
3010415,กิจกรรมปราบปรามลักลอบการน
3010416,กิจกรรมโฉนดต้นยางพาราเพื่
3010417,กิจกรรมเช่าอุปกรณ์เพื่อสน
3010501,กิจกรรมส่งเสริมและพัฒนาอา
3010601,กิจกรรมเงินสนับสนุนโครงกา
3010701,กิจกรรมสนับสนุนโครงการ 5
3010801,กิจกรรมเงินให้กู้ยืมแก่เก
3010802,กิจกรรมเงินให้กู้ยืมแก่สถ
3010803,กิจกรรมเงินให้กู้ยืมแก่ผู
3010804,กิจกรรมบริหารเงินให้กู้ยื
3010901,กิจกรรมเงินอุดหนุนให้แก่เ
3010902,กิจกรรมเงินอุดหนุนให้แก่ส
3010903,กิจกรรมบริหารเงินอุดหนุน
3011001,กิจกรรมสนับสนุนการดำเนินก
3011002,กิจกรรมรักษาเสถียรภาพราคา
3011003,กิจกรรมบริหารโครงการ
3011004,กิจกรรมรักษาเสถียรภาพราคา
3011101,กิจกรรมพัฒนาความรู้ด้านยา
3011102,กิจกรรมพัฒนาสินค้ายางพารา
3011103,กิจกรรมติดตาม/สัมมนา
3011104,กิจกรรมดำเนินการซื้อ-ขายผ
3011201,กิจกรรมประชาสัมพันธ์
3011202,กิจกรรมบริหารโครงการ
3011301,กิจกรรมบริหารโครงการ
3011302,กิจกรรมส่งเสริมการทำสวนยา
3011401,กิจกรรมการคัดสรรผลิตภัณฑ์
3011501,กิจกรรมส่งเสริมการทำสวนยา
3011502,กิจกรรมส่งเสริมมาตรฐานวิช
3011601,กิจกรรมพัฒนาด้านธุรกิจ เท
3011602,กิจกรรมส่งเสริมและพัฒนากา
3011603,กิจกรรมมหกรรมยางพารา
3011701,กิจกรรมประชาสัมพันธ์
3011702,กิจกรรมบริหารโครงการ
3011801,กิจกรรมขึ้นทะเบียนเกษตกร
3011802,กิจกรรมสำรวจข้อมูลยาง
3020101,กิจกรรมบำรุงรักษาสวนและกา
3020102,กิจกรรมจ้างอาสาสมัครตรวจส
3020103,กิจกรรมฝึกอบรมเจ้าของสวนย
3030101,กิจกรรมฝึกอบรมช่างกรีดยาง
3040101,กิจกรรมจัดตั้งตลาดน้ำยางส
3050101,กิจกรรมการถ่ายทอดเทคโนโลย
3050102,กิจกรรมบริหารจัดการ
3050201,กิจกรรมการถ่ายทอดเทคโนโลย
3050202,กิจกรรมบริหารจัดการ
3060101,กิจกรรมอบรมครูยาง
3070101,กิจกรรมการแปรรูปและการตลา
3080101,กิจกรรมบริหารจัดการ
3090101,กิจกรรมถ่ายทอดเทคโนโลยี
3090102,กิจกรรมบริหารโครงการ
3100101,กิจกรรมพัฒนาคุณภาพผลผลิตย
3100201,กิจกรรมสนับสนุนสินเชื่อเป
3100202,กิจกรรมบริหารโครงการ
3110101,กิจกรรมจัดตลาดประมูลยางพา
3120101,กิจกรรมสร้างความเข็มแข็งใ
3120102,กิจกรรมประชาสัมพันธ์
3120103,กิจกรรมบริหารโครงการ
3130101,กิจกรรมส่งเสริมการใช้ยางข
3130102,กิจกรรมบริหารโครงการ
3140101,กิจกรรมพัฒนาอาชีพเกษตรกรช
3140102,กิจกรรมบริหารโครงการ
3140103,กิจกรรมบริหารจัดการโรคใบร
3150101,กิจกรรมสนับสนุนสินเชื่อเป
3150102,กิจกรรมบริหารโครงการ
3160101,กิจกรรมเงินอุดหนุน
3160102,กิจกรรมดำเนินงาน
3170101,กิจกรรมชดเชยดอกเบี้ยให้แก
3170102,กิจกรรมบริหารโครงการ
3180101,กิจกรรมสนับสนุนสินเชื่อเป
364714490001,โครงการ One Stop Service
364714490002,โครงการพัฒนาระบบสารสนเทศ
4010101,กิจกรรมการเพิ่มประสิทธิภา
4010102,กิจกรรมการวิจัยและพัฒนาเศ
4010103,กิจกรรมการวิจัยและพัฒนาด้
4010104,กิจกรรมแสวงหาและร่วมงานวิ
4010105,กิจกรรมการประชาสัมพันธ์แล
4010106,กิจกรรมบริหารงานวิจัยและน
4010107,กิจกรรมศึกษาวิจัยโครงการส
4010108,กิจกรรมวิจัยการศึกษาเพื่อ
4010109,กิจกรรมสนับสนุนนักวิจัยรุ
4010110,กิจกรรมวิเคราะห์และตรวจสอ
4010201,กิจกรรมถ่ายทอดเทคโนโลยีด้
4010202,กิจกรรมถ่ายทอดเทคโนโลยีด้
4010203,กิจกรรมพัฒนาครูยาง
4010204,กิจกรรมถ่ายทอดเทคโนโลยีกา
4010205,กิจกรรมฝึกอบรมช่างกรีดยาง
4010206,กิจกรรมโครงการพิเศษ
4010207,กิจกรรมถ่ายทอดและพัฒนาขีด
4010208,กิจกรรมอบรมและถ่ายทอดเทคโ
4010209,กิจกรรมถ่ายทอดงานวิจัย
4010210,กิจกรรมถ่ายทอดเทคโนโลยีเพ
4010301,กิจกรรมถ่ายทอดเทคโนโลยี
4010401,กิจกรรมสนับสนุนด้านอื่นๆ
4010402,กิจกรรมพัฒนาและบำรุงรักษา
4010403,กิจกรรมเช่าอุปกรณ์เพื่อสน
4020101,กิจกรรมการวิจัยพันธุ์ยางใ
4020102,กิจกรรมการวิจัยพันธุ์ยางใ
5010101,กิจกรรมสวัสดิการบรรเทาควา
501010110123,กิจกรรมสวัสดิการบรรเทาควา
5010102,กิจกรรมเงินช่วยเหลือเกษตร
501010210123,กิจกรรมเงินช่วยเหลือกรณีก
5010103,กิจกรรมเงินกู้ยืมเพื่อบรร
501010310123,กิจกรรมเงินกู้ยืมเพื่อบรร
5010104,กิจกรรมประกันภัยให้เกษตรก
501010410123,กิจกรรมประกันภัยให้เกษตรก
5010105,กิจกรรมสวัสดิการอื่นๆ
501010510123,กิจกรรมสวัสดิการอื่นๆ
5010106,กิจกรรมบริหารการจัดสวัสดิ
5010201,กิจกรรมสนับสนุนด้านอื่นๆ
5010201030305,กิจกรรมสนับสนุนด้านอื่นๆ
501020110123,กิจกรรมสนับสนุนด้านอื่นๆ
5010301,กิจกรรมส่งเสริมและพัฒนาอา
501030110123,กิจกรรมส่งเสริมและพัฒนาอา
5010302,กิจกรรมจัดทำเอกสารเผยแพร่
501030210123,กิจกรรมจัดทำเอกสารเผยแพร่
6010101,กิจกรรมพัฒนาสถาบันเกษตรกร
6010101010127,กิจกรรมพัฒนาสถาบันเกษตรกร
6010102,กิจกรรมส่งเสริมการจัดตั้ง
6010102010127,กิจกรรมส่งเสริมการจัดตั้ง
6010103,กิจกรรมประชุมใหญ่สามัญประ
6010103010127,กิจกรรมประชุมใหญ่สามัญฯ
6010104,กิจกรรมสัมมนาประจำปี
6010104010127,กิจกรรมสัมมนาประจำปี
6010105,กิจกรรมฝึกอบรม
6010105010127,กิจกรรมฝึกอบรม
6010106,กิจกรรมศึกษาดูงาน
6010106010127,กิจกรรมศึกษาดูงาน
6010107,กิจกรรมส่งเสริมสนับสนุนสถ
6010107010127,กิจกรรมส่งเสริมสนับสนุน
6010201,กิจกรรมสนับสนุนด้านอื่นๆ
9000000,ครุภัณฑ์รับบริจาค
9000000010,แผนงานทั่วไป
9000000013,
9000000015,
9000000020,
A10002000,
A10002001,Functional
A10002003,Functional
A10002005,Functional1
A10002006,Functiona1
A10002007,Functiona2
A10002008,Functiona3
A10002009,Functiona4
A10002010,Functiona5
A10002011,Functiona6
A10002012,Functiona7
A10002013,Functiona8
A10002014,Functiona9
A10002015,Functiona10
A10002016,
A10002017,
A10002018,
A10002019,
A10002021,
A10002022,
A10002023,
A10002024,
A10002025,
A10002034,
A10002035,
A10002036,
A10002037,
A10002041,
A10002042,
A10002043,Functiona12
A10002044,
A10002045,
A10002051,
A10002052,
A10002053,
A10002054,
A10002055,
A10009011,
B0010101,B0010101LSMW
DUMMY,ROAT_DUMMY
/N,กิจกรรมโครงการชะลอการขายย
